PeopleOrgID,PersonID,PersonLName,OrganizationID,StartDate,Role,Notes,Jacobs_PS
949,833,Menon,2,9/22/2025,Trained Astronaut,,
950,957,Bailey,2,9/22/2025,Trained Astronaut,,
951,958,Edgar,2,9/22/2025,Trained Astronaut,,
952,959,Fuhrmann,2,9/22/2025,Trained Astronaut,,
953,960,Jones,2,9/22/2025,Trained Astronaut,,
954,961,Kubo,14,9/22/2025,Trained Astronaut,,
955,961,Kubo,2,9/22/2025,Trained Astronaut,,
956,962,Lawler,2,9/22/2025,Trained Astronaut,,
957,963,Muller,2,9/22/2025,Trained Astronaut,,
958,964,Overcash,2,9/22/2025,Trained Astronaut,,
959,965,Spies,2,9/22/2025,Trained Astronaut,,
21,946,Ayers,2,12/6/2021,Trained Astronaut,,
31,947,Berrios,2,12/6/2021,Trained Astronaut,,
32,948,Birch,2,12/6/2021,Trained Astronaut,,
54,949,Burnham,2,12/6/2021,Trained Astronaut,,
99,950,Delaney,2,12/6/2021,Trained Astronaut,,
101,951,Douglas,2,12/6/2021,Trained Astronaut,,
163,952,Hathaway,2,12/6/2021,Trained Astronaut,,
247,953,Menon,2,12/6/2021,Trained Astronaut,,
365,954,Williams,2,12/6/2021,Trained Astronaut,,
370,955,Wittner,2,12/6/2021,Trained Astronaut,,
747,741,Kutryk,7,6/15/2017,Trained Astronaut,,
748,742,Sidey-Gibbons,7,6/15/2017,Trained Astronaut,,
26,730,Barron,2,6/7/2017,Trained Astronaut,,
61,731,Cardman,2,6/7/2017,Trained Astronaut,,
74,732,Chari,2,6/7/2017,Trained Astronaut,,
100,733,Dominick,2,6/7/2017,Trained Astronaut,,
174,734,Hines,2,6/7/2017,Trained Astronaut,,
177,735,Hoburg,2,6/7/2017,Trained Astronaut,,
198,736,Kim,2,6/7/2017,Trained Astronaut,,
203,743,Kulin,2,6/7/2017,Trained Astronaut,,
251,737,Moghbeli,2,6/7/2017,Trained Astronaut,,
266,738,O'Hara,2,6/7/2017,Trained Astronaut,,
297,739,Rubio,2,6/7/2017,Trained Astronaut,,
352,740,Watkins,2,6/7/2017,Trained Astronaut,,
67,655,Cassada,2,6/17/2013,Trained Astronaut,,
140,656,Glover,2,6/17/2013,Trained Astronaut,,
153,657,Hague,2,6/17/2013,Trained Astronaut,,
157,658,Hammock,2,6/17/2013,Trained Astronaut,,
225,659,Mann,2,6/17/2013,Trained Astronaut,,
235,660,McClain,2,6/17/2013,Trained Astronaut,,
243,661,Meir,2,6/17/2013,Trained Astronaut,,
253,662,Morgan,2,6/17/2013,Trained Astronaut,,
19,23,Ashby,13,7/1/2012,Private Space Org Employee,,
20,454,Aunon,2,6/29/2009,Trained Astronaut,,
113,653,Epps,2,6/29/2009,Trained Astronaut,,
119,455,Fischer,2,6/29/2009,Trained Astronaut,,
180,456,Hopkins,2,6/29/2009,Trained Astronaut,,
209,457,Lindgren,2,6/29/2009,Trained Astronaut,,
296,654,Rubins,2,6/29/2009,Trained Astronaut,,
339,458,Tingle,2,6/29/2009,Trained Astronaut,,
342,651,Vande Hei,2,6/29/2009,Trained Astronaut,,
368,652,Wiseman,2,6/29/2009,Trained Astronaut,,
746,729,Kanai,5,6/29/2009,Trained Astronaut,,
42,53,Bowersox,14,6/16/2009,Private Space Org Employee,,
744,727,Onishi,5,2/25/2009,Trained Astronaut,,
745,728,Yui,5,2/25/2009,Trained Astronaut,,
1,1,Acaba,2,5/6/2004,Trained Astronaut,,
17,22,Arnold,2,5/6/2004,Trained Astronaut,,
46,69,Bresnik,2,5/6/2004,Trained Astronaut,,
68,132,Cassidy,2,5/6/2004,Trained Astronaut,,
106,217,Dutton,2,5/6/2004,Trained Astronaut,,
169,272,Hernandez,2,5/6/2004,Trained Astronaut,,
199,298,Kimbrough,2,5/6/2004,Trained Astronaut,,
226,321,Marshburn,2,5/6/2004,Trained Astronaut,,
248,338,Metcalf-Lindenburger,2,5/6/2004,Trained Astronaut,,
300,383,Satcher,2,5/6/2004,Trained Astronaut,,
350,433,Walker,2,5/6/2004,Trained Astronaut,,
12,18,Antonelli,2,7/26/2000,Trained Astronaut,,
25,28,Barratt,2,7/26/2000,Trained Astronaut,,
30,32,Behnken,2,7/26/2000,Trained Astronaut,,
37,44,Boe,2,7/26/2000,Trained Astronaut,,
40,52,Bowen,2,7/26/2000,Trained Astronaut,,
102,213,Drew,2,7/26/2000,Trained Astronaut,,
117,225,Feustel,2,7/26/2000,Trained Astronaut,,
123,230,Ford,2,7/26/2000,Trained Astronaut,,
130,237,Garan,2,7/26/2000,Trained Astronaut,,
142,248,Good,2,7/26/2000,Trained Astronaut,,
182,282,Hurley,2,7/26/2000,Trained Astronaut,,
201,299,Kopra,2,7/26/2000,Trained Astronaut,,
230,325,McArthur,2,7/26/2000,Trained Astronaut,,
262,350,Nyberg,2,7/26/2000,Trained Astronaut,,
324,407,Stott,2,7/26/2000,Trained Astronaut,,
344,428,Virts,2,7/26/2000,Trained Astronaut,,
366,446,Wilmore,2,7/26/2000,Trained Astronaut,,
741,724,Furukawa,6,2/15/1999,Trained Astronaut,,
742,725,Hoshide,6,2/15/1999,Trained Astronaut,,
743,726,Yamazaki,6,2/15/1999,Trained Astronaut,,
10,15,Anderson,2,6/4/1998,Trained Astronaut,,
14,20,Archambault,2,6/4/1998,Trained Astronaut,,
71,138,Chamitoff,2,6/4/1998,Trained Astronaut,,
89,200,Creamer,2,6/4/1998,Trained Astronaut,,
107,103,Dyson,2,6/4/1998,Trained Astronaut,,
116,224,Ferguson,2,6/4/1998,Trained Astronaut,,
124,231,Foreman,2,6/4/1998,Trained Astronaut,,
126,233,Fossum,2,6/4/1998,Trained Astronaut,,
156,261,Ham,2,6/4/1998,Trained Astronaut,,
189,289,Johnson,2,6/4/1998,Trained Astronaut,,
190,290,Johnson,2,6/4/1998,Trained Astronaut,,
219,315,Love,2,6/4/1998,Trained Astronaut,,
246,337,Melvin,2,6/4/1998,Trained Astronaut,,
252,341,Morgan,2,6/4/1998,Trained Astronaut,,
265,353,Oefelein,2,6/4/1998,Trained Astronaut,,
268,355,Olivas,2,6/4/1998,Trained Astronaut,,
274,361,Patrick,2,6/4/1998,Trained Astronaut,,
280,366,Poindexter,2,6/4/1998,Trained Astronaut,,
286,372,Reisman,2,6/4/1998,Trained Astronaut,,
291,377,Robertson,2,6/4/1998,Trained Astronaut,,
327,410,Swanson,2,6/4/1998,Trained Astronaut,,
356,438,Wheelock,2,6/4/1998,Trained Astronaut,,
364,445,Williams,2,6/4/1998,Trained Astronaut,,
373,450,Woodward III,2,6/4/1998,Trained Astronaut,,
376,453,Zamka,2,6/4/1998,Trained Astronaut,,
49,81,Brown,2,5/1/1996,Trained Astronaut,,
53,94,Burbank,2,5/1/1996,Trained Astronaut,,
57,100,Cagle,2,5/1/1996,Trained Astronaut,,
58,101,Caldeiro,2,5/1/1996,Trained Astronaut,,
59,110,Camarda,2,5/1/1996,Trained Astronaut,,
62,120,Carey,2,5/1/1996,Trained Astronaut,,
78,161,Clark,2,5/1/1996,Trained Astronaut,,
118,226,Fincke,2,5/1/1996,Trained Astronaut,,
125,232,Forrester,2,5/1/1996,Trained Astronaut,,
128,235,Frick,2,5/1/1996,Trained Astronaut,,
170,273,Herrington,2,5/1/1996,Trained Astronaut,,
172,275,Higginbotham,2,5/1/1996,Trained Astronaut,,
176,278,Hobaugh,2,5/1/1996,Trained Astronaut,,
193,293,Kelly,2,5/1/1996,Trained Astronaut,,
194,294,Kelly,2,5/1/1996,Trained Astronaut,,
195,295,Kelly,2,5/1/1996,Trained Astronaut,,
214,310,Lockhart,2,5/1/1996,Trained Astronaut,,
216,312,Loria,2,5/1/1996,Trained Astronaut,,
224,320,Magnus,2,5/1/1996,Trained Astronaut,,
227,322,Massimino,2,5/1/1996,Trained Astronaut,,
228,323,Mastracchio,2,5/1/1996,Trained Astronaut,,
236,329,McCool,2,5/1/1996,Trained Astronaut,,
254,342,Morin,2,5/1/1996,Trained Astronaut,,
261,349,Nowak,2,5/1/1996,Trained Astronaut,,
277,363,Pettit,2,5/1/1996,Trained Astronaut,,
278,364,Phillips,2,5/1/1996,Trained Astronaut,,
281,367,Polansky,2,5/1/1996,Trained Astronaut,,
288,374,Richards,2,5/1/1996,Trained Astronaut,,
311,394,Sellers,2,5/1/1996,Trained Astronaut,,
322,405,Stefanyshyn-Piper,2,5/1/1996,Trained Astronaut,,
329,412,Tani,2,5/1/1996,Trained Astronaut,,
347,431,Walheim,2,5/1/1996,Trained Astronaut,,
359,440,Whitson,2,5/1/1996,Trained Astronaut,,
363,444,Williams,2,5/1/1996,Trained Astronaut,,
367,447,Wilson,2,5/1/1996,Trained Astronaut,,
8,10,Altman,2,12/12/1994,Trained Astronaut,,
735,718,Guidoni,4,5/1/1996,Trained Astronaut,,
740,723,Noguchi,6,5/1/1996,Trained Astronaut,,
11,17,Anderson,2,12/12/1994,Trained Astronaut,,
18,23,Ashby,2,12/12/1994,Trained Astronaut,,
34,37,Bloomfield,2,12/12/1994,Trained Astronaut,,
75,146,Chawla,2,12/12/1994,Trained Astronaut,,
95,209,Curbeam,2,12/12/1994,Trained Astronaut,,
108,218,Edwards,2,12/12/1994,Trained Astronaut,,
144,250,Gorie,2,12/12/1994,Trained Astronaut,,
175,277,Hire,2,12/12/1994,Trained Astronaut,,
183,283,Husband,2,12/12/1994,Trained Astronaut,,
192,292,Kavandi,2,12/12/1994,Trained Astronaut,,
197,297,Kilrain,2,12/12/1994,Trained Astronaut,,
210,306,Lindsey,2,12/12/1994,Trained Astronaut,,
222,318,Lu,2,12/12/1994,Trained Astronaut,,
245,336,Melroy,2,12/12/1994,Trained Astronaut,,
260,348,Noriega,2,12/12/1994,Trained Astronaut,,
285,371,Reilly,2,12/12/1994,Trained Astronaut,,
292,378,Robinson,2,12/12/1994,Trained Astronaut,,
325,408,Sturckow,2,12/12/1994,Trained Astronaut,,
27,29,Barry,2,3/31/1992,Trained Astronaut,,
43,54,Brady,2,3/31/1992,Trained Astronaut,,
83,175,Coleman,2,3/31/1992,Trained Astronaut,,
135,242,Gernhardt,2,3/31/1992,Trained Astronaut,,
151,257,Grunsfeld,2,3/31/1992,Trained Astronaut,,
181,281,Horowitz,2,3/31/1992,Trained Astronaut,,
188,288,Jett,2,3/31/1992,Trained Astronaut,,
202,300,Kregel,2,3/31/1992,Trained Astronaut,,
204,301,Lawrence,2,3/31/1992,Trained Astronaut,,
211,307,Linenger,2,3/31/1992,Trained Astronaut,,
736,719,Wakata,5,4/15/1992,Trained Astronaut,,
212,308,Linnehan,2,3/31/1992,Trained Astronaut,,
215,311,Lopez-Alegria,2,3/31/1992,Trained Astronaut,,
272,359,Parazynski,2,3/31/1992,Trained Astronaut,,
293,379,Rominger,2,3/31/1992,Trained Astronaut,,
306,389,Scott,2,3/31/1992,Trained Astronaut,,
318,401,Smith,2,3/31/1992,Trained Astronaut,,
330,417,Tanner,2,3/31/1992,Trained Astronaut,,
332,419,Thomas,2,3/31/1992,Trained Astronaut,,
353,435,Weber,2,3/31/1992,Trained Astronaut,,
55,95,Bursch,2,1/17/1990,Trained Astronaut,,
76,150,Chiao,2,1/17/1990,Trained Astronaut,,
80,169,Clifford,2,1/17/1990,Trained Astronaut,,
82,171,Cockrell,2,1/17/1990,Trained Astronaut,,
84,184,Collins,2,1/17/1990,Trained Astronaut,,
96,211,Currie,2,1/17/1990,Trained Astronaut,,
148,254,Gregory,2,1/17/1990,Trained Astronaut,,
155,260,Halsell,2,1/17/1990,Trained Astronaut,,
160,264,Harris,2,1/17/1990,Trained Astronaut,,
166,269,Helms,2,1/17/1990,Trained Astronaut,,
191,291,Jones,2,1/17/1990,Trained Astronaut,,
231,326,McArthur,2,1/17/1990,Trained Astronaut,,
259,347,Newman,2,1/17/1990,Trained Astronaut,,
263,351,Ochoa,2,1/17/1990,Trained Astronaut,,
282,368,Precourt,2,1/17/1990,Trained Astronaut,,
307,390,Searfoss,2,1/17/1990,Trained Astronaut,,
310,393,Sega,2,1/17/1990,Trained Astronaut,,
333,420,Thomas,2,1/17/1990,Trained Astronaut,,
346,430,Voss,2,1/17/1990,Trained Astronaut,,
351,434,Walz,2,1/17/1990,Trained Astronaut,,
360,441,Wilcutt,2,1/17/1990,Trained Astronaut,,
369,448,Wisoff,2,1/17/1990,Trained Astronaut,,
371,449,Wolf,2,1/17/1990,Trained Astronaut,,
4,3,Akers,2,6/5/1987,Trained Astronaut,,
6,5,Allen,2,6/5/1987,Trained Astronaut,,
41,53,Bowersox,2,6/5/1987,Trained Astronaut,,
48,79,Brown,2,6/5/1987,Trained Astronaut,,
77,155,Chilton,2,6/5/1987,Trained Astronaut,,
98,212,Davis,2,6/5/1987,Trained Astronaut,,
122,229,Foale,2,6/5/1987,Trained Astronaut,,
159,263,Harbaugh,2,6/5/1987,Trained Astronaut,,
186,286,Jemison,2,6/5/1987,Trained Astronaut,,
240,332,McMonagle,2,6/5/1987,Trained Astronaut,,
244,335,Melnick,2,6/5/1987,Trained Astronaut,,
283,369,Readdy,2,6/5/1987,Trained Astronaut,,
284,370,Reightler,2,6/5/1987,Trained Astronaut,,
298,382,Runco,2,6/5/1987,Trained Astronaut,,
345,429,Voss,2,6/5/1987,Trained Astronaut,,
13,19,Apt,2,6/4/1985,Trained Astronaut,,
24,27,Baker,2,6/4/1985,Trained Astronaut,,
56,99,Cabana,2,6/4/1985,Trained Astronaut,,
103,214,Duffy,2,6/4/1985,Trained Astronaut,,
134,241,Gemar,2,6/4/1985,Trained Astronaut,,
141,247,Godwin,2,6/4/1985,Trained Astronaut,,
168,271,Henricks,2,6/4/1985,Trained Astronaut,,
171,274,Hieb,2,6/4/1985,Trained Astronaut,,
187,287,Jernigan,2,6/4/1985,Trained Astronaut,,
242,334,Meade,2,6/4/1985,Trained Astronaut,,
270,357,Oswald,2,6/4/1985,Trained Astronaut,,
335,421,Thorne,2,6/4/1985,Trained Astronaut,,
338,424,Thuot,2,6/4/1985,Trained Astronaut,,
3,2,Adamson,2,5/23/1984,Trained Astronaut,,
23,26,Baker,2,5/23/1984,Trained Astronaut,,
50,85,Brown,2,5/23/1984,Trained Astronaut,,
737,720,Mohri,6,8/1/1985,Trained Astronaut,,
738,721,Doi,6,8/1/1985,Trained Astronaut,,
739,722,Mukai,6,8/1/1985,Trained Astronaut,,
60,114,Cameron,2,5/23/1984,Trained Astronaut,,
65,124,Carter,2,5/23/1984,Trained Astronaut,,
66,126,Casper,2,5/23/1984,Trained Astronaut,,
93,206,Culbertson,2,5/23/1984,Trained Astronaut,,
152,258,Gutierrez,2,5/23/1984,Trained Astronaut,,
158,262,Hammond,2,5/23/1984,Trained Astronaut,,
185,285,Ivins,2,5/23/1984,Trained Astronaut,,
205,302,Lee,2,5/23/1984,Trained Astronaut,,
221,317,Low,2,5/23/1984,Trained Astronaut,,
237,330,McCulley,2,5/23/1984,Trained Astronaut,,
314,397,Shepherd,2,5/23/1984,Trained Astronaut,,
336,422,Thornton,2,5/23/1984,Trained Astronaut,,
343,427,Veach,2,5/23/1984,Trained Astronaut,,
355,437,Wetherbee,2,5/23/1984,Trained Astronaut,,
22,24,Bagian,2,5/29/1980,Trained Astronaut,,
33,33,Blaha,2,5/29/1980,Trained Astronaut,,
38,49,Bolden,2,5/29/1980,Trained Astronaut,,
47,73,Bridges,2,5/29/1980,Trained Astronaut,,
72,143,Chang-Diaz,2,5/29/1980,Trained Astronaut,,
79,168,Cleave,2,5/29/1980,Trained Astronaut,,
105,216,Dunbar,2,5/29/1980,Trained Astronaut,,
121,228,Fisher,2,5/29/1980,Trained Astronaut,,
132,239,Gardner,2,5/29/1980,Trained Astronaut,,
145,251,Grabe,2,5/29/1980,Trained Astronaut,,
173,276,Hilmers,2,5/29/1980,Trained Astronaut,,
206,303,Leestma,2,5/29/1980,Trained Astronaut,,
217,313,Lounge,2,5/29/1980,Trained Astronaut,,
264,352,O'Connor,2,5/29/1980,Trained Astronaut,,
289,375,Richards,2,5/29/1980,Trained Astronaut,,
295,381,Ross,2,5/29/1980,Trained Astronaut,,
317,400,Smith,2,5/29/1980,Trained Astronaut,,
319,402,Spring,2,5/29/1980,Trained Astronaut,,
320,403,Springer,2,5/29/1980,Trained Astronaut,,
35,41,Bluford,2,1/16/1978,Trained Astronaut,,
45,61,Brandenstein,2,1/16/1978,Trained Astronaut,,
51,86,Buchli,2,1/16/1978,Trained Astronaut,,
81,170,Coats,2,1/16/1978,Trained Astronaut,,
88,199,Covey,2,1/16/1978,Trained Astronaut,,
90,201,Creighton,2,1/16/1978,Trained Astronaut,,
115,223,Fabian,2,1/16/1978,Trained Astronaut,,
120,227,Fisher,2,1/16/1978,Trained Astronaut,,
131,238,Gardner,2,1/16/1978,Trained Astronaut,,
137,244,Gibson,2,1/16/1978,Trained Astronaut,,
147,253,Gregory,2,1/16/1978,Trained Astronaut,,
149,255,Griggs,2,1/16/1978,Trained Astronaut,,
161,265,Hart,2,1/16/1978,Trained Astronaut,,
164,267,Hauck,2,1/16/1978,Trained Astronaut,,
165,268,Hawley,2,1/16/1978,Trained Astronaut,,
178,279,Hoffman,2,1/16/1978,Trained Astronaut,,
223,319,Lucid,2,1/16/1978,Trained Astronaut,,
233,327,McBride,2,1/16/1978,Trained Astronaut,,
241,333,McNair,2,1/16/1978,Trained Astronaut,,
255,343,Mullane,2,1/16/1978,Trained Astronaut,,
257,345,Nagel,2,1/16/1978,Trained Astronaut,,
258,346,Nelson,2,1/16/1978,Trained Astronaut,,
269,356,Onizuka,2,1/16/1978,Trained Astronaut,,
287,373,Resnik,2,1/16/1978,Trained Astronaut,,
290,376,Ride,2,1/16/1978,Trained Astronaut,,
304,387,Scobee,2,1/16/1978,Trained Astronaut,,
308,391,Seddon,2,1/16/1978,Trained Astronaut,,
312,395,Shaw,2,1/16/1978,Trained Astronaut,,
315,398,Shriver,2,1/16/1978,Trained Astronaut,,
323,406,Stewart,2,1/16/1978,Trained Astronaut,,
326,409,Sullivan,2,1/16/1978,Trained Astronaut,,
331,418,Thagard,2,1/16/1978,Trained Astronaut,,
341,426,van Hoften,2,1/16/1978,Trained Astronaut,,
349,432,Walker,2,1/16/1978,Trained Astronaut,,
362,443,Williams,2,1/16/1978,Trained Astronaut,,
36,42,Bobko,2,8/14/1969,Trained Astronaut,,
91,204,Crippen,2,8/14/1969,Trained Astronaut,,
129,236,Fullerton,2,8/14/1969,Trained Astronaut,,
162,266,Hartsfield,2,8/14/1969,Trained Astronaut,,
271,358,Overmyer,2,8/14/1969,Trained Astronaut,,
276,362,Peterson,2,8/14/1969,Trained Astronaut,,
340,425,Truly,2,8/14/1969,Trained Astronaut,,
7,6,Allen,2,10/4/1967,Trained Astronaut,,
73,145,Chapman,2,10/4/1967,Trained Astronaut,,
110,220,England,2,10/4/1967,Trained Astronaut,,
167,270,Henize,2,10/4/1967,Trained Astronaut,,
179,280,Holmquest,2,10/4/1967,Trained Astronaut,,
207,304,Lenoir,2,10/4/1967,Trained Astronaut,,
213,309,Llewellyn,2,10/4/1967,Trained Astronaut,,
256,344,Musgrave,2,10/4/1967,Trained Astronaut,,
267,354,O'Leary,2,10/4/1967,Trained Astronaut,,
273,360,Parker,2,10/4/1967,Trained Astronaut,,
337,423,Thornton,2,10/4/1967,Trained Astronaut,,
44,56,Brand,2,4/4/1966,Trained Astronaut,,
52,92,Bull,2,4/4/1966,Trained Astronaut,,
64,123,Carr,2,4/4/1966,Trained Astronaut,,
104,215,Duke,2,4/4/1966,Trained Astronaut,,
112,221,Engle,2,4/4/1966,Trained Astronaut,,
114,222,Evans,2,4/4/1966,Trained Astronaut,,
138,245,Givens,2,4/4/1966,Trained Astronaut,,
154,259,Haise,2,4/4/1966,Trained Astronaut,,
184,284,Irwin,2,4/4/1966,Trained Astronaut,,
208,305,Lind,2,4/4/1966,Trained Astronaut,,
218,314,Lousma,2,4/4/1966,Trained Astronaut,,
229,324,Mattingly,2,4/4/1966,Trained Astronaut,,
234,328,McCandless,2,4/4/1966,Trained Astronaut,,
250,340,Mitchell,2,4/4/1966,Trained Astronaut,,
279,365,Pogue,2,4/4/1966,Trained Astronaut,,
294,380,Roosa,2,4/4/1966,Trained Astronaut,,
328,411,Swigert,2,4/4/1966,Trained Astronaut,,
354,436,Weitz,2,4/4/1966,Trained Astronaut,,
374,451,Worden,2,4/4/1966,Trained Astronaut,,
133,240,Garriott,2,6/28/1965,Trained Astronaut,,
136,243,Gibson,2,6/28/1965,Trained Astronaut,,
146,252,Graveline,2,6/28/1965,Trained Astronaut,,
196,296,Kerwin,2,6/28/1965,Trained Astronaut,,
249,339,Michel,2,6/28/1965,Trained Astronaut,,
302,385,Schmitt,2,6/28/1965,Trained Astronaut,,
5,4,Aldrin,2,10/17/1963,Trained Astronaut,,
9,11,Anders,2,10/17/1963,Trained Astronaut,,
28,30,Bassett,2,10/17/1963,Trained Astronaut,,
29,31,Bean,2,10/17/1963,Trained Astronaut,,
69,133,Cernan,2,10/17/1963,Trained Astronaut,,
70,135,Chaffee,2,10/17/1963,Trained Astronaut,,
85,188,Collins,2,10/17/1963,Trained Astronaut,,
94,207,Cunningham,2,10/17/1963,Trained Astronaut,,
109,219,Eisele,2,10/17/1963,Trained Astronaut,,
127,234,Freeman,2,10/17/1963,Trained Astronaut,,
143,249,Gordon,2,10/17/1963,Trained Astronaut,,
303,386,Schweickart,2,10/17/1963,Trained Astronaut,,
305,388,Scott,2,10/17/1963,Trained Astronaut,,
361,442,Williams,2,10/17/1963,Trained Astronaut,,
16,21,Armstrong,2,9/17/1962,Trained Astronaut,,
39,51,Borman,2,9/17/1962,Trained Astronaut,,
2,173,Adams,1,7/1/1966,Military,,
86,191,Conrad Jr.,2,9/17/1962,Trained Astronaut,,
220,316,Lovell,2,9/17/1962,Trained Astronaut,,
238,331,McDivitt,2,9/17/1962,Trained Astronaut,,
309,392,See,2,9/17/1962,Trained Astronaut,,
321,404,Stafford,2,9/17/1962,Trained Astronaut,,
358,439,White,2,9/17/1962,Trained Astronaut,,
375,452,Young,2,9/17/1962,Trained Astronaut,,
63,122,Carpenter,2,4/2/1959,Trained Astronaut,,
87,195,Cooper,2,4/2/1959,Trained Astronaut,,
139,246,Glenn,2,4/2/1959,Trained Astronaut,,
150,256,Grissom,2,4/2/1959,Trained Astronaut,,
301,384,Schirra,2,4/2/1959,Trained Astronaut,,
313,396,Shepard,2,4/2/1959,Trained Astronaut,,
316,399,Slayton,2,4/2/1959,Trained Astronaut,,
861,857,Chretien,4,,Trained Astronaut,,
882,879,Baudry,4,,Trained Astronaut,,
962,246,Glenn,2,1/15/1998,Payload Specialist,,1
874,871,Dunlap,2,4/4/1996,Payload Specialist,,
903,900,Pawelczyk,2,4/4/1996,Payload Specialist,,1
97,75,Dana,1,7/1/1965,Military,,
960,966,Crouch,2,2/15/1996,Payload Specialist,,1
961,967,Linteris,2,2/15/1996,Payload Specialist,,1
866,863,Sacco,2,6/20/1994,Payload Specialist,,1
868,865,Matthiesen,2,6/20/1994,Payload Specialist,,
869,866,Holt,2,6/20/1994,Payload Specialist,,
899,896,Leslie,2,6/20/1994,Payload Specialist,,1
200,78,Knight,1,7/1/1964,Military,,
892,889,Durrance,2,5/15/1993,Payload Specialist,,1
900,897,Fettman,2,12/6/1991,Payload Specialist,,1
902,899,Buckey,2,12/6/1991,Payload Specialist,2 selections (4/4/1996),1
865,862,Prahl,2,8/6/1990,Payload Specialist,,
897,894,DeLucas,2,8/6/1990,Payload Specialist,,1
864,861,Chappell,2,9/29/1989,Payload Specialist,,
895,892,Hennen,2,9/15/1988,Payload Specialist,,1
232,850,McAuliffe,2,7/19/1985,Payload Specialist,,1
890,887,Cenker,2,4/8/1985,Payload Specialist,,1
879,876,Garn,2,11/9/1984,Payload Specialist,,1
891,888,Nelson,2,11/9/1984,Payload Specialist,,1
854,849,Jarvis,2,7/5/1984,Payload Specialist,,1
855,851,Parise,2,6/20/1984,Payload Specialist,2 selections (5/15/1993),1
852,847,Stevenson,2,6/13/1984,Payload Specialist,,
111,221,Engle,1,7/1/1963,Military,,
334,118,Thompson,1,7/1/1963,Military,,
877,874,Scully-Power,2,6/13/1984,Payload Specialist,,1
851,846,Phillips,2,1/9/1984,Payload Specialist,2 selections (2/24/1989),
893,890,Gaffney,2,1/9/1984,Payload Specialist,2 selections (2/24/1989),1
894,891,Hughes-Fulford,2,1/9/1984,Payload Specialist,2 selections (2/24/1989),1
853,848,Wood,2,7/1/1983,Payload Specialist,,
876,873,Walker,2,7/1/1983,Payload Specialist,,1
859,855,Johnston,2,6/5/1983,Payload Specialist,,
860,856,Trinh,2,6/5/1983,Payload Specialist,2 selections (8/6/1990),1
880,877,van den Berg,2,6/5/1983,Payload Specialist,,
239,62,McKay,1,7/1/1960,Military,,
881,878,Wang,2,6/5/1983,Payload Specialist,,1
886,883,Pailes,2,9/1/1982,Payload Specialist,,1
878,875,Payton,2,8/1/1979,Payload Specialist,,1
856,852,Prinz,2,8/9/1978,Payload Specialist,,
863,859,Simon,2,8/9/1978,Payload Specialist,,
884,881,Acton,2,8/9/1978,Payload Specialist,,1
885,882,Bartoe,2,8/9/1978,Payload Specialist,,1
275,182,Petersen,1,8/15/1958,Military,,
92,59,Crossfield,1,7/1/1957,Military,,
299,45,Rushworth,1,7/1/1957,Military,,
348,91,Walker,1,7/1/1957,Military,,
357,46,White,1,7/1/1957,Military,,
377,956,Kincheloe,1,7/1/1957,Military,,
15,21,Armstrong,1,7/11/1955,Military,,
372,7,Wood,1,4/15/1950,Military,,
378,8,Morukov,3,,Trained Astronaut,,
379,9,Volk,9,,Trained Astronaut,,
380,12,Belyayev,9,,Trained Astronaut,,
381,13,Sorokin,9,,Trained Astronaut,,
382,14,Kuklin,9,,Trained Astronaut,,
383,16,Andryushkov,3,,Trained Astronaut,,
384,25,Kadenyuk,9,,Trained Astronaut,,
385,34,Yershov,9,,Trained Astronaut,,
386,35,Nelyubov,9,,Trained Astronaut,,
387,36,Pozharskaya,9,,Trained Astronaut,,
388,38,Kubasov,9,,Trained Astronaut,,
389,39,Amelkina,9,,Trained Astronaut,,
390,40,Gubarev,9,,Trained Astronaut,,
391,43,Kugno,9,,Trained Astronaut,,
392,47,Alekseyev,9,,Trained Astronaut,,
393,48,Kozlov,9,,Trained Astronaut,,
394,50,Illarionov,9,,Trained Astronaut,,
395,55,Fyodorov,9,,Trained Astronaut,,
396,57,Bondarenko,9,,Trained Astronaut,,
397,58,Gagarin,9,,Trained Astronaut,,
398,60,Sevastiyanov,9,,Trained Astronaut,,
399,63,Shonin,9,,Trained Astronaut,,
400,64,Grechko,9,,Trained Astronaut,,
401,65,Kramarenko,9,,Trained Astronaut,,
402,66,Gevorkyan,9,,Trained Astronaut,,
403,67,Anokhin,3,,Trained Astronaut,,
404,68,Sattarov,9,,Trained Astronaut,,
405,70,Fatkhullin,9,,Trained Astronaut,,
406,71,Ponomaryov,9,,Trained Astronaut,,
407,72,Gulyayev,9,,Trained Astronaut,,
408,74,Lyakhov,9,,Trained Astronaut,,
409,76,Komarov,9,,Trained Astronaut,,
410,77,Rebrov,9,,Trained Astronaut,,
411,80,Yakovlev,9,,Trained Astronaut,,
412,82,Grishchenko,9,,Trained Astronaut,,
413,83,Zaytsev,9,,Trained Astronaut,,
414,84,Yablontsev,9,,Trained Astronaut,,
415,87,Vorobiyov,9,,Trained Astronaut,,
416,88,Gorbatko,9,,Trained Astronaut,,
417,89,Khrunov,9,,Trained Astronaut,,
418,90,Golovanov,9,,Trained Astronaut,,
419,93,Yorkina,9,,Trained Astronaut,,
420,96,Makarov,9,,Trained Astronaut,,
421,97,Benderov,9,,Trained Astronaut,,
422,98,Sheffer,9,,Trained Astronaut,,
423,102,Kizim,9,,Trained Astronaut,,
424,104,Matinchenko,9,,Trained Astronaut,,
425,105,Belousov,9,,Trained Astronaut,,
426,106,Dobrovolsky,9,,Trained Astronaut,,
427,107,Patsayev,9,,Trained Astronaut,,
428,108,Volkov,9,,Trained Astronaut,,
429,109,Beregovoy,9,,Trained Astronaut,,
430,111,Katys,9,,Trained Astronaut,,
431,113,Nikolayev,9,,Trained Astronaut,,
432,115,Vozovikov,3,,Trained Astronaut,,
433,116,Shcheglov,9,,Trained Astronaut,,
434,117,Kolomiytsev,9,,Trained Astronaut,,
435,119,Vasyutin,9,,Trained Astronaut,,
436,121,Rafikov,9,,Trained Astronaut,,
437,125,Prikhodko,9,,Trained Astronaut,,
438,127,Letunov,9,,Trained Astronaut,,
439,128,Lisun,9,,Trained Astronaut,,
440,129,Artyukhin,9,,Trained Astronaut,,
441,130,Sologub,9,,Trained Astronaut,,
442,131,Levchenko,9,,Trained Astronaut,,
443,134,Anikeyev,9,,Trained Astronaut,,
444,137,Shchukin,9,,Trained Astronaut,,
445,142,Kuznetsova,9,,Trained Astronaut,,
446,144,Rozhdestvensky,9,,Trained Astronaut,,
447,147,Kononenko,9,,Trained Astronaut,,
448,148,Stankevicius,9,,Trained Astronaut,,
449,149,Yegorov,9,,Trained Astronaut,,
450,151,Filatyev,9,,Trained Astronaut,,
451,152,Dedkov,9,,Trained Astronaut,,
452,153,Romanov,9,,Trained Astronaut,,
453,154,Khludeyev,9,,Trained Astronaut,,
454,156,Titov,9,,Trained Astronaut,,
455,157,Beloborodov,9,,Trained Astronaut,,
456,158,Bachurin,9,,Trained Astronaut,,
457,159,Berezovoy,9,,Trained Astronaut,,
458,160,Polyakov,9,,Trained Astronaut,,
459,162,Senkevich,9,,Trained Astronaut,,
460,163,Porvatkin,9,,Trained Astronaut,,
461,164,Sarafanov,9,,Trained Astronaut,,
462,165,Popovich,9,,Trained Astronaut,,
463,166,Varlamov,9,,Trained Astronaut,,
464,167,Baberdin,3,,Trained Astronaut,,
465,174,Leonov,9,,Trained Astronaut,,
466,176,Rukavishnikov,9,,Trained Astronaut,,
467,177,Stepanov,9,,Trained Astronaut,,
468,178,Zaikin,9,,Trained Astronaut,,
469,180,Ivanov,9,,Trained Astronaut,,
470,181,Preobrazhensky,9,,Trained Astronaut,,
471,183,Voronov,9,,Trained Astronaut,,
472,185,Malyshev,9,,Trained Astronaut,,
473,186,Yazdovsky,9,,Trained Astronaut,,
474,187,Petrushenko,9,,Trained Astronaut,,
475,189,Serebrov,9,,Trained Astronaut,,
476,190,Dolgopolov,3,,Trained Astronaut,,
477,192,Feoktistov,9,,Trained Astronaut,,
478,193,Moskalenko,9,,Trained Astronaut,,
479,194,Sharov,3,,Payload Specialist,,
480,196,Karashtin,3,,Trained Astronaut,,
481,197,Yemelyanov,9,,Trained Astronaut,,
482,198,Gaydukov,9,,Trained Astronaut,,
483,202,Glazkov,9,,Trained Astronaut,,
484,203,Kartashov,9,,Trained Astronaut,,
485,205,Dyomin,9,,Trained Astronaut,,
486,208,Strekalov,9,,Trained Astronaut,,
487,210,Lazarev,9,,Trained Astronaut,,
488,459,Afanasyev,9,,Trained Astronaut,,
489,460,Aksyonov,9,,Trained Astronaut,,
490,461,Aleksandrov,9,,Trained Astronaut,,
491,462,Artsebarsky,9,,Trained Astronaut,,
492,463,Atkov,9,,Trained Astronaut,,
493,464,Aubakirov,3,,Trained Astronaut,,
494,465,Avdeyev,9,,Trained Astronaut,,
495,466,Balandin,9,,Trained Astronaut,,
496,467,Baturin,3,,Trained Astronaut,,
497,468,Borisenko,3,,Trained Astronaut,,
498,469,Budarin,9,,Trained Astronaut,,
499,470,Bykovsky,9,,Trained Astronaut,,
500,471,Dezhurov,9,,Trained Astronaut,,
501,472,Dzhanibekov,9,,Trained Astronaut,,
502,473,Filipchenko,9,,Trained Astronaut,,
503,474,Gidzenko,9,,Trained Astronaut,,
504,475,Ivanchenkov,9,,Trained Astronaut,,
505,476,Ivanishin,3,,Trained Astronaut,,
506,477,Kaleri,9,,Trained Astronaut,,
507,478,Klimuk,9,,Trained Astronaut,,
508,479,Kondakova,3,,Trained Astronaut,,
509,480,Kondratiyev,3,,Trained Astronaut,,
510,481,Kononenko,3,,Trained Astronaut,,
511,482,Korniyenko,3,,Trained Astronaut,,
512,483,Korzun,9,,Trained Astronaut,,
513,484,Kotov,3,,Trained Astronaut,,
514,485,Kovalyonok,9,,Trained Astronaut,,
515,486,Kozeyev,3,,Trained Astronaut,,
516,487,Laveykin,9,,Trained Astronaut,,
517,488,Lazutkin,3,,Trained Astronaut,,
518,489,Lebedev,9,,Trained Astronaut,,
519,490,Lonchakov,3,,Trained Astronaut,,
520,491,Malenchenko,9,,Trained Astronaut,,
521,492,Manakov,9,,Trained Astronaut,,
522,493,Manarov,9,,Trained Astronaut,,
523,494,Musabayev,3,,Trained Astronaut,,
524,495,Novitskiy,3,,Trained Astronaut,,
525,496,Onufriyenko,9,,Trained Astronaut,,
526,497,Ovchinin,3,,Trained Astronaut,,
527,498,Padalka,9,,Trained Astronaut,,
528,499,Poleshchuk,9,,Trained Astronaut,,
529,500,Popov,9,,Trained Astronaut,,
530,501,Revin,3,,Trained Astronaut,,
531,502,Romanenko,3,,Trained Astronaut,,
532,503,Romanenko,9,,Trained Astronaut,,
533,504,Ryazansky,3,,Trained Astronaut,,
534,505,Ryumin,9,,Trained Astronaut,,
535,506,Samokutyayev,3,,Trained Astronaut,,
536,507,Savinykh,9,,Trained Astronaut,,
537,508,Shargin,3,,Trained Astronaut,,
538,509,Sharipov,3,,Trained Astronaut,,
539,510,Shatalov,9,,Trained Astronaut,,
540,511,Shkaplerov,3,,Trained Astronaut,,
541,512,Skripochka,3,,Trained Astronaut,,
542,513,Skvortsov Jr.,3,,Trained Astronaut,,
543,514,Soloviyov,9,,Trained Astronaut,,
544,515,Soloviyov,9,,Trained Astronaut,,
545,516,Surayev,3,,Trained Astronaut,,
546,517,Tereshkova,9,,Trained Astronaut,,
547,518,Tarelkin,3,,Trained Astronaut,,
548,519,Titov,9,,Trained Astronaut,,
549,520,Tokarev,9,,Trained Astronaut,,
550,521,Treshchyov,3,,Trained Astronaut,,
551,522,Tsibliyev,9,,Trained Astronaut,,
552,523,Tyurin,3,,Trained Astronaut,,
553,524,Viktorenko,9,,Trained Astronaut,,
554,525,Vinogradov,3,,Trained Astronaut,,
555,526,Volkov,9,,Trained Astronaut,,
556,527,Volkov,3,,Trained Astronaut,,
557,528,Volynov,9,,Trained Astronaut,,
558,529,Yeliseyev,9,,Trained Astronaut,,
559,530,Yurchikhin,3,,Trained Astronaut,,
560,531,Zalyotin,3,,Trained Astronaut,,
561,532,Zholobov,9,,Trained Astronaut,,
562,533,Zudov,9,,Trained Astronaut,,
563,534,Savitskaya,9,,Trained Astronaut,,
564,535,Skvortsov Sr.,9,,Trained Astronaut,,
565,536,Clervoy,4,,Trained Astronaut,,
566,537,Cristoforetti,4,,Trained Astronaut,,
567,538,DeWinne,4,,Trained Astronaut,,
568,539,Eyharts,4,,Trained Astronaut,,
569,540,Fuglesang,4,,Trained Astronaut,,
570,541,Gerst,4,,Trained Astronaut,,
571,542,Kuipers,4,,Trained Astronaut,,
572,543,Mogensen,4,,Trained Astronaut,,
573,544,Nespoli,4,,Trained Astronaut,,
574,545,Parmitano,4,,Trained Astronaut,,
575,546,Peake,4,,Trained Astronaut,,
576,547,Pesquet,4,,Trained Astronaut,,
577,548,Schlegel,4,,Trained Astronaut,,
578,549,Vittori,4,,Trained Astronaut,,
579,550,Cheli,4,,Trained Astronaut,,
580,551,Duque,4,,Trained Astronaut,,
581,552,Ewald,4,,Trained Astronaut,,
582,553,Haignere,4,,Trained Astronaut,,
583,554,Haignere,4,,Trained Astronaut,,
584,555,Merbold,4,,Trained Astronaut,,
585,556,Merchez,4,,Trained Astronaut,,
586,557,Nicollier,4,,Trained Astronaut,,
587,558,Ockels,4,,Payload Specialist,,
588,559,Perrin,4,,Trained Astronaut,,
589,560,Reiter,4,,Trained Astronaut,,
590,561,Tognini,4,,Trained Astronaut,,
591,562,Thiele,4,,Trained Astronaut,,
592,563,Zhukov,3,,Trained Astronaut,,
593,564,Ponomaryova,9,,Trained Astronaut,,
594,565,Soloviyova,9,,Trained Astronaut,,
595,566,Aimbetov,3,,Trained Astronaut,,
596,567,Andreyev,9,,Trained Astronaut,,
597,568,Artemyev,3,,Trained Astronaut,,
598,569,Arzamazov,9,,Trained Astronaut,,
599,570,Aymakhanov,3,,Trained Astronaut,,
600,571,Babkin,3,,Trained Astronaut,,
601,572,Blinov,3,,Trained Astronaut,,
602,573,Boroday,9,,Trained Astronaut,,
603,574,Borodin,9,,Trained Astronaut,,
604,575,Bugrov,3,,Trained Astronaut,,
605,576,Burdayev,9,,Trained Astronaut,,
606,577,Buynovsky,9,,Trained Astronaut,,
607,578,Chirkin,9,,Trained Astronaut,,
608,579,Chub,3,,Trained Astronaut,,
609,580,Degtyaryov,9,,Trained Astronaut,,
610,581,Dobrokvashina,9,,Trained Astronaut,,
611,582,Dubrov,3,,Trained Astronaut,,
612,583,Fartushny,9,,Trained Astronaut,,
613,584,Fedyayev,3,,Trained Astronaut,,
614,585,Fefelov,9,,Trained Astronaut,,
615,586,Grechanik,9,,Trained Astronaut,,
616,587,Grekov,9,,Trained Astronaut,,
617,588,Gulyayev,9,,Trained Astronaut,,
618,589,Ignatov,3,,Trained Astronaut,,
619,590,Iliyin,9,,Trained Astronaut,,
620,591,Isakov,9,,Trained Astronaut,,
621,592,Isaulov,9,,Trained Astronaut,,
622,593,Ivanova,9,,Trained Astronaut,,
623,594,Khatulev,9,,Trained Astronaut,,
624,595,Khomenchuk,3,,Trained Astronaut,,
625,596,Kikina,3,,Trained Astronaut,,
626,597,Kiselyov,9,,Trained Astronaut,,
627,598,Kolesnikov,9,,Trained Astronaut,,
628,599,Kolodin,9,,Trained Astronaut,,
629,600,Korsakov,3,,Trained Astronaut,,
630,601,Kozelsky,9,,Trained Astronaut,,
631,602,Krichevsky,9,,Trained Astronaut,,
632,603,Krikalyov,9,,Trained Astronaut,,
633,604,Krikun,3,,Payload Specialist,,
634,605,Kud-Sverchkov,3,,Trained Astronaut,,
635,606,Kuleshova,9,,Trained Astronaut,,
636,607,Kuzhelnaya,3,,Trained Astronaut,,
637,608,Latysheva,9,,Trained Astronaut,,
638,609,Lukiyanyuk,3,,Trained Astronaut,,
639,610,Machinsky,9,,Trained Astronaut,,
640,611,Makrushin,9,,Trained Astronaut,,
641,612,Maksimenko,9,,Trained Astronaut,,
642,613,Matveyev,3,,Trained Astronaut,,
643,614,Misurkin,3,,Trained Astronaut,,
644,615,Morosov,3,,Trained Astronaut,,
645,616,Moshchenko,3,,Trained Astronaut,,
646,617,Moshkin,3,,Trained Astronaut,,
647,618,Mosolov,9,,Trained Astronaut,,
648,619,Mukhortov,3,,Payload Specialist,,
649,620,Omelchenko,3,,Payload Specialist,,
650,621,Petelin,3,,Trained Astronaut,,
651,622,Pisarev,9,,Trained Astronaut,,
652,623,Polonsky,9,,Trained Astronaut,,
653,624,Ponomaryov,3,,Trained Astronaut,,
654,625,Potapov,9,,Trained Astronaut,,
655,626,Prokopyev,3,,Trained Astronaut,,
656,627,Pronina,9,,Trained Astronaut,,
657,628,Protchenko,9,,Trained Astronaut,,
658,629,Puchkov,9,,Trained Astronaut,,
659,630,Pushenko,9,,Trained Astronaut,,
660,631,Ryzhikov,3,,Trained Astronaut,,
661,632,Saley,9,,Trained Astronaut,,
662,633,Serov,3,,Trained Astronaut,,
663,634,Serova,3,,Trained Astronaut,,
664,635,Severin,3,,Trained Astronaut,,
665,636,Sharafutdinov,9,,Trained Astronaut,,
666,637,Smirenny,9,,Trained Astronaut,,
667,638,Sokovykh,9,,Trained Astronaut,,
668,639,Stepanov,9,,Trained Astronaut,,
669,640,Sultanov,9,,Trained Astronaut,,
670,641,Tikhonov,3,,Trained Astronaut,,
671,642,Tolboyev,9,,Trained Astronaut,,
672,643,Tresvyatsky,9,,Trained Astronaut,,
673,644,Usachyov,9,,Trained Astronaut,,
674,645,Vagner,3,,Trained Astronaut,,
675,646,Valkov,3,,Trained Astronaut,,
676,647,Voloshin,9,,Trained Astronaut,,
677,648,Yuyukov,9,,Trained Astronaut,,
678,649,Zabolotsky,9,,Trained Astronaut,,
679,650,Zakharova,9,,Trained Astronaut,,
680,663,Maurer,4,,Trained Astronaut,,
681,664,Bondar,7,,Trained Astronaut,,
682,665,Garneau,7,,Trained Astronaut,,
683,666,Hadfield,7,,Trained Astronaut,,
684,667,MacLean,7,,Trained Astronaut,,
685,668,McKay,7,,Trained Astronaut,,
686,669,Money,7,,Trained Astronaut,,
687,670,Payette,7,,Trained Astronaut,,
688,671,Thirsk,7,,Trained Astronaut,,
689,672,Tryggvason,7,,Trained Astronaut,,
690,673,Williams,7,,Trained Astronaut,,
691,674,Hansen,7,,Trained Astronaut,,
692,675,Kutryk,7,,Trained Astronaut,,
693,676,Sidey-Gibbons,7,,Trained Astronaut,,
694,677,Saint-Jacques,7,,Trained Astronaut,,
695,678,Cai,8,,Trained Astronaut,,
696,679,Chai,8,,Trained Astronaut,,
697,680,Chen,8,,Trained Astronaut,,
698,681,Chen,8,,Trained Astronaut,,
699,682,Deng,8,,Trained Astronaut,,
700,683,Dong,8,,Trained Astronaut,,
701,684,Du,8,,Trained Astronaut,,
702,685,Fang,8,,Trained Astronaut,,
703,686,Fei,8,,Trained Astronaut,,
704,687,Hu,8,,Trained Astronaut,,
705,688,Jing,8,,Trained Astronaut,,
706,689,Li,8,,Trained Astronaut,,
707,690,Li,8,,Trained Astronaut,,
708,691,Liu,8,,Trained Astronaut,,
709,692,Liu,8,,Trained Astronaut,,
710,693,Liu,8,,Trained Astronaut,,
711,694,Liu,8,,Trained Astronaut,,
712,695,Liu,8,,Trained Astronaut,,
713,696,Lu,8,,Trained Astronaut,,
714,697,Ma,8,,Trained Astronaut,,
715,698,Meng,8,,Trained Astronaut,,
716,699,Nie,8,,Trained Astronaut,,
717,700,Pan,8,,Trained Astronaut,,
718,701,Shao,8,,Trained Astronaut,,
719,702,Tang,8,,Trained Astronaut,,
720,703,Wang,8,,Trained Astronaut,,
721,704,Wang,8,,Trained Astronaut,,
722,705,Wang,8,,Trained Astronaut,,
723,706,Wang,8,,Trained Astronaut,,
724,707,Wang,8,,Trained Astronaut,,
725,708,Wang,8,,Trained Astronaut,,
726,709,Wu,8,,Trained Astronaut,,
727,710,Yang,8,,Trained Astronaut,,
728,711,Ye,8,,Trained Astronaut,,
729,712,Yu,8,,Trained Astronaut,,
730,713,Zhai,8,,Trained Astronaut,,
731,714,Zhang,8,,Trained Astronaut,,
732,715,Zhang,8,,Trained Astronaut,,
733,716,Zhang,8,,Trained Astronaut,,
734,717,Zhao,8,,Trained Astronaut,,
749,744,Daemen,13,,Commercial Civilian,,
750,745,Bess,13,,Commercial Civilian,,
751,746,Dick,13,,Commercial Civilian,,
752,747,Echazarreta,13,,Commercial Civilian,,
753,748,Hespanha,13,,Commercial Civilian,,
754,749,Cotton,13,,Commercial Civilian,,
755,750,Sabry,13,,Commercial Civilian,,
756,751,Mayers,12,,Commercial Civilian,,
757,752,Gerardi,12,,Commercial Civilian,,
758,753,Bennett,12,,Commercial Civilian,,
759,754,Bandla,12,,Commercial Civilian,,
760,755,Isaacman,14,,Commercial Civilian,,
761,756,Arceneaux,14,,Commercial Civilian,,
762,757,Shuttleworth,11,,Commercial Civilian,,
763,758,Ansari,11,,Commercial Civilian,,
764,759,Hirano,11,,Commercial Civilian,,
765,760,Barnawi,10,,Commercial Civilian,,
766,761,Boshuizen,13,,Commercial Civilian,,
767,762,Powers,13,,Commercial Civilian,,
768,763,Taylor,13,,Commercial Civilian,,
769,764,Hagle,13,,Commercial Civilian,,
770,765,Kitchen,13,,Commercial Civilian,,
771,766,Robinson,13,,Commercial Civilian,,
772,767,O'Brien,13,,Commercial Civilian,,
773,768,Nash,12,,Commercial Civilian,,
774,769,Salim,12,,Commercial Civilian,,
775,770,Rosano,12,,Commercial Civilian,,
776,771,Stern,12,,Commercial Civilian,,
777,772,Maisonrouge,12,,Commercial Civilian,,
778,773,Borozdina,12,,Commercial Civilian,,
779,774,Kornswiet,12,,Commercial Civilian,,
780,775,Moses,12,,Commercial Civilian,,
781,776,Proctor,14,,Commercial Civilian,,
782,777,Tito,11,,Commercial Civilian,,
783,778,Olsen,11,,Commercial Civilian,,
784,779,Simonyi,11,,Commercial Civilian,,
785,780,Pathy,10,,Commercial Civilian,,
786,440,Whitson,10,,Private Space Org Employee,,
787,782,Masucci,12,,Commercial Civilian,,
788,783,Pecile,12,,Commercial Civilian,,
789,784,Sturckow,12,,Commercial Civilian,,
790,785,Mackay,12,,Commercial Civilian,,
791,786,Latimer,12,,Commercial Civilian,,
792,787,Lopez-Alegria,10,,Private Space Org Employee,,
793,788,Wandt,10,,Commercial Civilian,,
794,789,Bezos,13,,Commercial Civilian,,
795,790,Bezos,13,,Commercial Civilian,,
796,791,Funk,13,,Commercial Civilian,,
797,792,Shatner,13,,Commercial Civilian,,
798,793,Vries,13,,Commercial Civilian,,
799,794,Bess,13,,Commercial Civilian,,
800,795,Churchley,13,,Commercial Civilian,,
801,796,Strahan,13,,Commercial Civilian,,
802,797,Allen,13,,Commercial Civilian,,
803,798,Hagle,13,,Commercial Civilian,,
804,799,Lai,13,,Commercial Civilian,,
805,800,Harding,13,,Commercial Civilian,,
806,801,Ferreira,13,,Commercial Civilian,,
807,802,Young,13,,Commercial Civilian,,
808,803,Schahaff,12,,Commercial Civilian,,
809,804,Beattie,12,,Commercial Civilian,,
810,805,Vaughn,12,,Commercial Civilian,,
811,806,Haider,12,,Commercial Civilian,,
812,807,Branson,12,,Commercial Civilian,,
813,808,Garriott,11,,Commercial Civilian,,
814,809,Laliberte,11,,Commercial Civilian,,
815,810,Maezawa,11,,Commercial Civilian,,
816,811,Connor,10,,Commercial Civilian,,
817,812,Shoffner,10,,Commercial Civilian,,
818,813,Nield,13,,Commercial Civilian,,
819,814,Vescovo,13,,Commercial Civilian,,
820,815,Kelly,13,,Commercial Civilian,,
821,816,Villadei,12,,Commercial Civilian,,
822,817,Sembroski,14,,Commercial Civilian,,
823,818,Stibbe,10,,Commercial Civilian,,
824,819,AlQarni,10,,Commercial Civilian,,
825,820,Gezeravci,10,,Commercial Civilian,,
826,821,Goodwin,12,,Commercial Civilian,,
827,822,Reynard,12,,Commercial Civilian,,
828,823,Baxter,12,,Commercial Civilian,,
829,824,Carlucci,12,,Commercial Civilian,,
830,825,Landolfi,12,,Commercial Civilian,,
831,826,Atasever,12,,Commercial Civilian,,
832,827,Manenti,12,,Commercial Civilian,,
833,828,Pergament,12,,Commercial Civilian,,
834,829,Sadhwani,12,,Commercial Civilian,,
835,830,Janjua,12,,Commercial Civilian,,
836,831,Poteet,14,,Commercial Civilian,,
837,832,Gillis,14,,Commercial Civilian,,
838,833,Menon,14,,Commercial Civilian,,
839,834,Angel,13,,Commercial Civilian,,
840,835,Chiron,13,,Commercial Civilian,,
841,836,Dwight,13,,Commercial Civilian,,
842,837,Hess,13,,Commercial Civilian,,
843,838,Schaller,13,,Commercial Civilian,,
844,839,Thotakura,13,,Commercial Civilian,,
845,840,Elrick,13,,Commercial Civilian,,
846,841,Ferl,13,,Commercial Civilian,,
847,842,Grin,13,,Commercial Civilian,,
848,843,Jahangir,13,,Commercial Civilian,,
849,844,Kitchen,13,,Commercial Civilian,,
850,845,Rabin,13,,Commercial Civilian,,
858,854,Wright,1,,Military,,
857,853,Lampton,2,5/18/1978,Payload Specialist,2 selections,
875,872,Lichtenberg,2,5/18/1978,Payload Specialist,,1
862,858,Al-Bassam,2,,Payload Specialist,,
867,864,Favier,2,,Payload Specialist,,
870,867,Urbani,2,,Payload Specialist,,
871,868,Johnston,2,,Payload Specialist,,
872,869,Ronney,2,,Payload Specialist,,
873,870,Pustovyi,2,,Payload Specialist,,
883,880,Al Saud,2,,Payload Specialist,,
887,884,Furrer,2,,Payload Specialist,,
888,885,Messerschmid,2,,Payload Specialist,,
889,886,Vela,2,,Payload Specialist,,
896,893,Frimout,2,,Payload Specialist,,
898,895,Malerba,2,,Payload Specialist,,
901,898,Walter,2,,Payload Specialist,,
904,901,Ramon,2,,Payload Specialist,,
905,902,Casserino,1,,Military,,
906,903,DeTroye,1,,Military,,
907,904,Hamel,1,,Military,,
908,905,Higbee,1,,Military,,
909,906,Joseph,1,,Military,,
910,907,Lydon,1,,Military,,
911,908,Rij,1,,Military,,
912,909,Sefchek,1,,Military,,
913,910,Sundberg,1,,Military,,
914,911,Vidrine,1,,Military,,
915,912,Watterson,1,,Military,,
916,913,Armor,1,,Military,,
917,914,Booen,1,,Military,,
918,915,Holder,1,,Military,,
919,916,James,1,,Military,,
920,917,Jones,1,,Military,,
921,918,LaComb,1,,Military,,
922,919,Mantz,1,,Military,,
923,920,Odle,1,,Military,,
924,921,Puz,1,,Military,,
925,922,Sparks Roberts,1,,Military,,
926,923,Sponable,1,,Military,,
927,924,Thompson,1,,Military,,
928,925,Yeakel,1,,Military,,
929,926,Caretto,1,,Military,,
930,927,Crombie,1,,Military,,
931,928,DeArmond,1,,Military,,
932,929,Staib,1,,Military,,
933,930,Stevens,1,,Military,,
934,931,Calandrelli,13,,Commercial Civilian,,
935,932,Litteral,13,,Commercial Civilian,,
936,933,Russell,13,,Commercial Civilian,,
937,934,Wolfond,13,,Commercial Civilian,,
938,935,Calleja,13,,Commercial Civilian,,
939,936,Shah,13,,Commercial Civilian,,
940,937,Scott,13,,Commercial Civilian,,
941,938,Hyde,13,,Commercial Civilian,,
942,939,Wilson,13,,Commercial Civilian,,
943,940,Bowe,13,,Commercial Civilian,,
944,941,Nguyen,13,,Commercial Civilian,,
945,942,King,13,,Commercial Civilian,,
946,943,Perry,13,,Commercial Civilian,,
947,944,Flynn,13,,Commercial Civilian,,
948,945,Sanchez,13,,Commercial Civilian,,
963,112,Herres,2,,Military,,
964,136,Taylor,2,,Military,,
965,139,Rogers,2,,Military,,
966,140,Finley,2,,Military,,
967,141,Gordon,2,,Military,,
968,172,Lawyer,2,,Military,,
969,179,Lawrence,2,,Military,,
970,413,Crews,2,,Military,,
971,414,Macleay,2,,Military,,
972,415,Neubeck,2,,Military,,
973,416,Abrahams,2,,Military,,
,,,,,,,
